-- Active: 1708264786703@@127.0.0.1@3306@affinity
-- MySQL Script generated by MySQL Workbench
-- Sat Apr 27 19:29:59 2024
-- Model: New Model    Version: 1.0
-- MySQL Workbench Forward Engineering

SET @OLD_UNIQUE_CHECKS=@@UNIQUE_CHECKS, UNIQUE_CHECKS=0;
SET @OLD_FOREIGN_KEY_CHECKS=@@FOREIGN_KEY_CHECKS, FOREIGN_KEY_CHECKS=0;
SET @OLD_SQL_MODE=@@SQL_MODE, SQL_MODE='ONLY_FULL_GROUP_BY,STRICT_TRANS_TABLES,NO_ZERO_IN_DATE,NO_ZERO_DATE,ERROR_FOR_DIVISION_BY_ZERO,NO_ENGINE_SUBSTITUTION';

-- -----------------------------------------------------
-- Schema Affinity
-- -----------------------------------------------------
DROP SCHEMA IF EXISTS `Affinity` ;

-- -----------------------------------------------------
-- Schema Affinity
-- -----------------------------------------------------
CREATE SCHEMA IF NOT EXISTS `Affinity` DEFAULT CHARACTER SET utf8 ;
USE `Affinity` ;

-- -----------------------------------------------------
-- Table `Affinity`.`Usuarios`
-- -----------------------------------------------------
DROP TABLE IF EXISTS `Affinity`.`Usuarios` ;

CREATE TABLE IF NOT EXISTS `Affinity`.`Usuarios` (
  `ID_usuario` INT NOT NULL AUTO_INCREMENT,
  `Nombre` VARCHAR(25) NOT NULL,
  `Mail` VARCHAR(45) NOT NULL,
  `Contrasena` VARCHAR(25) NOT NULL,
  `Ubicación` VARCHAR(45) NOT NULL,
  `Miembro` VARCHAR(2) NOT NULL,
  PRIMARY KEY (`ID_usuario`))
ENGINE = InnoDB;

ALTER TABLE Usuarios 
MODIFY Miembro varchar(2) DEFAULT 'NO';

-- -----------------------------------------------------
-- Table `Affinity`.`Aficiones`
-- -----------------------------------------------------
DROP TABLE IF EXISTS `Affinity`.`Aficiones` ;

CREATE TABLE IF NOT EXISTS `Affinity`.`Aficiones` (
  `ID_aficion` INT NOT NULL AUTO_INCREMENT,
  `Nombre_Aficion` VARCHAR(25) NOT NULL,
  `Descripcion` VARCHAR(120) NOT NULL,
  PRIMARY KEY (`ID_aficion`))
ENGINE = InnoDB;


-- -----------------------------------------------------
-- Table `Affinity`.`Usuario_aficion`
-- -----------------------------------------------------
DROP TABLE IF EXISTS `Affinity`.`Usuario_aficion` ;

CREATE TABLE IF NOT EXISTS `Affinity`.`Usuario_aficion` (
  `ID_usuario` INT NOT NULL,
  `ID_aficion` INT NOT NULL,
  INDEX `ID_usuario_idx` (`ID_usuario` ASC) VISIBLE,
  INDEX `ID_aficion_idx` (`ID_aficion` ASC) VISIBLE,
  CONSTRAINT `ID_usuario`
    FOREIGN KEY (`ID_usuario`)
    REFERENCES `Affinity`.`Usuarios` (`ID_usuario`)
    ON DELETE CASCADE
    ON UPDATE CASCADE,
  CONSTRAINT `ID_aficion`
    FOREIGN KEY (`ID_aficion`)
    REFERENCES `Affinity`.`Aficiones` (`ID_aficion`)
    ON DELETE CASCADE
    ON UPDATE CASCADE)
ENGINE = InnoDB;

ALTER TABLE Usuarios 
MODIFY Miembro varchar(2) DEFAULT 'NO';
SET SQL_MODE=@OLD_SQL_MODE;
SET FOREIGN_KEY_CHECKS=@OLD_FOREIGN_KEY_CHECKS;
SET UNIQUE_CHECKS=@OLD_UNIQUE_CHECKS;
INSERT INTO usuarios (ID_usuario, Nombre, Mail, Contrasena, Ubicación, Miembro)
VALUES 
('00000001', 'Ana García', 'ana.garcia@mail.com', 'password123', 'Chamberí', 'SI'),
('00000002', 'Carlos Sánchez', 'carlos.sanchez@mail.com', 'securePass!', 'Salamanca', 'SI'),
('00000003', 'María López', 'maria.lopez@mail.com', 'maria2021', 'Chamartín', 'NO'),
('00000004', 'Pedro Gómez', 'pedro.gomez@mail.com', 'Pedro123', 'Retiro', 'SI'),
('00000005', 'Sofía Martínez', 'sofia.martinez@mail.com', 'S0fia!Mart', 'Centro', 'NO'),
('00000006', 'Javier Rodríguez', 'javier.rodriguez@mail.com', 'Javi2020', 'La Latina', 'SI'),
('00000007', 'Lucía Fernández', 'lucia.fernandez@mail.com', 'Lucia&2022', 'Tetuán', 'NO'),
('00000008', 'Miguel Torres', 'miguel.torres@mail.com', 'Miguel!2023', 'Moncloa-Aravaca', 'SI'),
('00000009', 'Isabel Pérez', 'isabel.perez@mail.com', 'IsaB3L!p', 'San Blas', 'NO'),
('00000010', 'Álvaro Moreno', 'alvaro.moreno@mail.com', 'aLVaRO123', 'Usera', 'SI'),
('00000011', 'Alejandro Ruiz', 'alejandro.ruiz@mail.com', 'A1ex#Ru1z*2024', 'Retiro', 'SI'),
('00000012', 'Patricia Herrera', 'patricia.herrera@mail.com', 'P@tr1c1a#2024!', 'La Latina', 'NO'),
('00000013', 'Fernando Ortega', 'fernando.ortega@mail.com', 'F3rn@ndo*Ort3g@2024', 'Moncloa-Aravaca', 'NO'),
('00000014', 'Laura Blanco', 'laura.blanco@mail.com', 'L@ur@#Bl4nco2024!', 'Moncloa-Aravaca', 'SI'),
('00000015', 'David Gil', 'david.gil@mail.com', 'D@v1d#G1l*2024', 'Retiro', 'SI'),
('00000016', 'Marta Torres', 'marta.torres@mail.com', 'M@rt@#Torr3s2024!', 'Moncloa-Aravaca', 'NO'),
('00000017', 'Sergio Romero', 'sergio.romero@mail.com', 'S3rgio#Rom3ro*2024', 'La Latina', 'NO'),
('00000018', 'Elena Morales', 'elena.morales@mail.com', 'El3n@#Mor@les2024!', 'Moncloa-Aravaca', 'NO'),
('00000019', 'Roberto Díaz', 'roberto.diaz@mail.com', 'R0b3rto#D1@z*2024', 'Retiro', 'NO'),
('00000020', 'Clara Navarro', 'clara.navarro@mail.com', 'Cl@r@#Nav4rro2024!', 'Retiro', 'NO'),
('00000021', 'Adrián Ramírez', 'adrian.ramirez@mail.com', 'Adr14nR@m1r3z#2024!', 'Vallecas', 'SI'),
('00000022', 'Berta Sánchez', 'berta.sanchez@mail.com', 'B3rt@S@nch3z#2024!', 'San Blas', 'NO'),
('00000023', 'Carlos Gómez', 'carlos.gomez@mail.com', 'C@rl0sG0m3z#2024!', 'Retiro', 'SI'),
('00000024', 'Diana Martínez', 'diana.martinez@mail.com', 'D14n@M@rt1n3z#2024!', 'Chamberí', 'NO'),
('00000025', 'Eduardo Pérez', 'eduardo.perez@mail.com', '3du@rd0P3r3z#2024!', 'Moratalaz', 'SI'),
('00000026', 'Fátima López', 'fatima.lopez@mail.com', 'F@t1m@L0p3z#2024!', 'Vicálvaro', 'NO'),
('00000027', 'Gabriel Rodríguez', 'gabriel.rodriguez@mail.com', 'G@br13lR0dr1gu3z#2024!', 'Aluche', 'SI'),
('00000028', 'Héctor Martín', 'hector.martin@mail.com', 'H3ct0rM@rt1n#2024!', 'Legazpi', 'NO'),
('00000029', 'Inés García', 'ines.garcia@mail.com', '1n3sG@rc1@#2024!', 'Arganzuela', 'SI'),
('00000030', 'Javier Díaz', 'javier.diaz@mail.com', 'J@v13rD14z#2024!', 'Canillejas', 'NO'),
('00000031', 'Lucas Ruiz', 'lucas.ruiz@mail.com', 'Luc@sRu1z#2024!', 'Chamberí', 'SI'),
('00000032', 'Marina Torres', 'marina.torres@mail.com', 'M@r1n@T0rr3s#2024!', 'Vallecas', 'NO'),
('00000033', 'Nicolás Sánchez', 'nicolas.sanchez@mail.com', 'N1c0l@sS@nch3z#2024!', 'San Blas', 'SI'),
('00000034', 'Olivia López', 'olivia.lopez@mail.com', '0l1v1@L0p3z#2024!', 'Retiro', 'NO'),
('00000035', 'Pablo Martínez', 'pablo.martinez@mail.com', 'P@bl0M@rt1n3z#2024!', 'Moratalaz', 'SI'),
('00000036', 'Queralt Pérez', 'queralt.perez@mail.com', 'Qu3r@ltP3r3z#2024!', 'Vicálvaro', 'NO'),
('00000037', 'Rocío Gómez', 'rocio.gomez@mail.com', 'R0c10G0m3z#2024!', 'Arganzuela', 'SI'),
('00000038', 'Santiago Rodríguez', 'santiago.rodriguez@mail.com', 'S@nt14g0R0dr1gu3z#2024!', 'Carabanchel', 'NO'),
('00000039', 'Teresa García', 'teresa.garcia@mail.com', 'T3r3s@G@rc1@#2024!', 'Moncloa', 'SI'),
('00000040', 'Ulises Díaz', 'ulises.diaz@mail.com', 'Ul1s3sD14z#2024!', 'Canillejas', 'NO'),
('00000041', 'Valeria Serrano', 'valeria.serrano@mail.com', 'V@l3r14S3rr@n0#2024!', 'Chamberí', 'SI'),
('00000042', 'Walter Martín', 'walter.martin@mail.com', 'W@lt3rM@rt1n#2024!', 'Vallecas', 'NO'),
('00000043', 'Ximena Gutiérrez', 'ximena.gutierrez@mail.com', 'X1m3n@Guti3rr3z#2024!', 'San Blas', 'SI'),
('00000044', 'Yago Hernández', 'yago.hernandez@mail.com', 'Y@g0H3rn@nd3z#2024!', 'Retiro', 'NO'),
('00000045', 'Zoe Álvarez', 'zoe.alvarez@mail.com', 'Z03@lv@r3z#2024!', 'Moratalaz', 'SI'),
('00000046', 'Abril Torres', 'abril.torres@mail.com', 'Abr1lT0rr3s#2024!', 'Vicálvaro', 'NO'),
('00000047', 'Braulio Gómez', 'braulio.gomez@mail.com', 'Br@ul10G0m3z#2024!', 'Arganzuela', 'SI'),
('00000048', 'Camila Rodríguez', 'camila.rodriguez@mail.com', 'C@m1l@R0dr1gu3z#2024!', 'Carabanchel', 'NO'),
('00000049', 'Damián García', 'damian.garcia@mail.com', 'D@m14nG@rc1@#2024!', 'Moncloa', 'SI'),
('00000050', 'Elsa Díaz', 'elsa.diaz@mail.com', '3ls@D14z#2024!', 'Canillejas', 'NO'),
('00000051', 'Lucas Herrera', 'lucas.herrera@mail.com', 'L#c@sH3rr3r@#2024!', 'Chamberí', 'SI'),
('00000052', 'Marina Castro', 'marina.castro@mail.com', 'M@r1n@C@str0#2024!', 'Vallecas', 'NO'),
('00000053', 'Nicolás Navarro', 'nicolas.navarro@mail.com', 'N1c0l@sN@v@rr0#2024!', 'San Blas', 'SI'),
('00000054', 'Olivia Ruiz', 'olivia.ruiz@mail.com', 'Ol1v14Ru1z#2024!', 'Retiro', 'NO'),
('00000055', 'Pablo Díaz', 'pablo.diaz@mail.com', 'P@bl0D14z#2024!', 'Moratalaz', 'SI'),
('00000056', 'Queralt Martínez', 'queralt.martinez@mail.com', 'Qu3r@ltM@rt1n3z#2024!', 'Vicálvaro', 'NO'),
('00000057', 'Rafaela Gómez', 'rafaela.gomez@mail.com', 'R@f@3l@G0m3z#2024!', 'Arganzuela', 'SI'),
('00000058', 'Santiago Pérez', 'santiago.perez@mail.com', 'S@nt14g0P3r3z#2024!', 'Carabanchel', 'NO'),
('00000059', 'Tamara Sánchez', 'tamara.sanchez@mail.com', 'T@m@r@S@nch3z#2024!', 'Moncloa', 'SI'),
('00000060', 'Uriel González', 'uriel.gonzalez@mail.com', 'Ur13lG0nz@l3z#2024!', 'Canillejas', 'NO'),
('00000061', 'Victoria Martínez', 'victoria.martinez@mail.com', 'V1ct0r1aM@rt1n3z#2024!', 'Chamberí', 'SI'),
('00000062', 'Xavier Rodríguez', 'xavier.rodriguez@mail.com', 'X@v13rR0dr1gu3z#2024!', 'Vallecas', 'NO'),
('00000063', 'Yolanda Sánchez', 'yolanda.sanchez@mail.com', 'Y0l@nd@S@nch3z#2024!', 'San Blas', 'SI'),
('00000064', 'Zoe López', 'zoe.lopez@mail.com', 'Z03L0p3z#2024!', 'Retiro', 'NO'),
('00000065', 'Alejandro Torres', 'alejandro.torres@mail.com', 'Al3j@ndr0T0rr3s#2024!', 'Moratalaz', 'SI'),
('00000066', 'Bárbara García', 'barbara.garcia@mail.com', 'B@rb@r4G@rc1@#2024!', 'Vicálvaro', 'NO'),
('00000067', 'César Ruiz', 'cesar.ruiz@mail.com', 'C3s@rRu1z#2024!', 'Arganzuela', 'SI'),
('00000068', 'Diana Martínez', 'diana.martinez@mail.com', 'D14n@M@rt1n3z#2024!', 'Carabanchel', 'NO'),
('00000069', 'Eduardo Sánchez', 'eduardo.sanchez@mail.com', 'Edw@rd0S@nch3z#2024!', 'Moncloa', 'SI'),
('00000070', 'Fátima Pérez', 'fatima.perez@mail.com', 'F@t1m@P3r3z#2024!', 'Canillejas', 'NO'),
('00000071', 'Andrés Moreno', 'andres.moreno@mail.com', 'Andr3sM0r3n0#2024!', 'Chamberí', 'SI'),
('00000072', 'Beatriz Sánchez', 'beatriz.sanchez@mail.com', 'Be@tr1zS@nc#2024!', 'Vallecas', 'NO'),
('00000073', 'Carlos López', 'carlos.lopez@mail.com', 'C@rl0sL0pez#2024!', 'San Blas', 'SI'),
('00000074', 'Daniela González', 'daniela.gonzalez@mail.com', 'D@ni3laGonz@l3z#2024!', 'Chamartín', 'NO'),
('00000075', 'Elena Martínez', 'elena.martinez@mail.com', 'El3n@Mart1n3z#2024!', 'Tetuán', 'SI'),
('00000076', 'Fernando Pérez', 'fernando.perez@mail.com', 'F3rn@nd0P3r3z#2024!', 'Retiro', 'NO'),
('00000077', 'Gabriela Fernández', 'gabriela.fernandez@mail.com', 'G@bri3l@F3rn@nd3z#2024!', 'Arganzuela', 'SI'),
('00000078', 'Hugo García', 'hugo.garcia@mail.com', 'Hug0G@rc1a#2024!', 'Moncloa', 'NO'),
('00000079', 'Isabel Rodríguez', 'isabel.rodriguez@mail.com', 'Is@b3lRodr1gu3z#2024!', 'Carabanchel', 'SI'),
('00000080', 'Javier Torres', 'javier.torres@mail.com', 'J@vi3rT0rr3s#2024!', 'Moratalaz', 'NO'),
('00000081', 'Natalia Martínez', 'natalia.martinez@mail.com', 'N@tal1aM@rt1n3z#2024!', 'Vicálvaro', 'SI'),
('00000082', 'Óscar Fernández', 'oscar.fernandez@mail.com', '0sc@rF3rn@nd3z#2024!', 'Villaverde', 'NO'),
('00000083', 'Paola Gómez', 'paola.gomez@mail.com', 'P@ol@G0m3z#2024!', 'Puente de Vallecas', 'SI'),
('00000084', 'Quimera Pérez', 'quimera.perez@mail.com', 'Qu1m3r@P3r3z#2024!', 'Villa de Vallecas', 'NO'),
('00000085', 'Ricardo Suárez', 'ricardo.suarez@mail.com', 'R1c@rd0Su@r3z#2024!', 'Canillejas', 'SI'),
('00000086', 'Sara López', 'sara.lopez@mail.com', 'S@r@L0p3z#2024!', 'Valdemoro', 'NO'),
('00000087', 'Tomás Rodríguez', 'tomas.rodriguez@mail.com', 'T0m@sR0dr1gu3z#2024!', 'Parla', 'SI'),
('00000088', 'Úrsula Martín', 'ursula.martin@mail.com', 'Ursul@M@rt1n#2024!', 'Pinto', 'NO'),
('00000089', 'Víctor García', 'victor.garcia@mail.com', 'V1ct0rG@rc1@#2024!', 'Getafe', 'SI'),
('00000090', 'Wendy Díaz', 'wendy.diaz@mail.com', 'W3ndyD14z#2024!', 'Alcorcón', 'NO'),
('00000091', 'Luisa Martínez', 'luisa.martinez@mail.com', 'Lu1s@M@rt1n3z#2024!', 'Chamberí', 'SI'),
('00000092', 'Miguel Sánchez', 'miguel.sanchez@mail.com', 'M1gu3lS@nch3z#2024!', 'Vallecas', 'NO'),
('00000093', 'Natalia López', 'natalia.lopez@mail.com', 'N@t@l14L0p3z#2024!', 'San Blas', 'SI'),
('00000094', 'Óscar González', 'oscar.gonzalez@mail.com', '0sc@rG0nz@l3z#2024!', 'Retiro', 'NO'),
('00000095', 'Paula Martínez', 'paula.martinez@mail.com', 'P@ul@M@rt1n3z#2024!', 'Moratalaz', 'SI'),
('00000096', 'Queralt García', 'queralt.garcia@mail.com', 'Qu3r@ltG@rc1@#2024!', 'Vicálvaro', 'NO'),
('00000097', 'Raúl Ruiz', 'raul.ruiz@mail.com', 'R@ulRu1z#2024!', 'Arganzuela', 'SI'),
('00000098', 'Sara Martínez', 'sara.martinez@mail.com', 'S@r@M@rt1n3z#2024!', 'Carabanchel', 'NO'),
('00000099', 'Tomás Sánchez', 'tomas.sanchez@mail.com', 'T0m@sS@nch3z#2024!', 'Moncloa', 'SI'),
('00000100', 'Úrsula Rodríguez', 'ursula.rodriguez@mail.com', 'Ursul@R0dr1gu3z#2024!', 'Canillejas', 'NO');




-- Insertar datos de muestra en la tabla de aficiones

-- Insertar algunas aficiones
INSERT INTO aficiones (ID_aficion, Nombre_Aficion, Descripcion) VALUES ('00000001', 'Lectura', 'Leer libros es una actividad relajante y educativa.');
INSERT INTO aficiones (ID_aficion, Nombre_Aficion, Descripcion) VALUES ('00000002', 'Cine', 'Ver películas es una forma de entretenimiento muy popular.');
INSERT INTO aficiones (ID_aficion, Nombre_Aficion, Descripcion) VALUES ('00000003', 'Deportes', 'Practicar deportes es una excelente manera de mantenerse activo y saludable.');
INSERT INTO aficiones (ID_aficion, Nombre_Aficion, Descripcion) VALUES ('00000004', 'Música', 'Escuchar música puede influir en el estado de ánimo y es una forma de expresión artística.');
INSERT INTO aficiones (ID_aficion, Nombre_Aficion, Descripcion) VALUES ('00000005', 'Arte', 'Explorar el mundo del arte puede ser inspirador y enriquecedor.');
INSERT INTO aficiones (ID_aficion, Nombre_Aficion, Descripcion) VALUES ('00000006', 'Cocina', 'Cocinar es una habilidad creativa y gratificante que permite experimentar con sabores y texturas.');
INSERT INTO aficiones (ID_aficion, Nombre_Aficion, Descripcion) VALUES ('00000007', 'Viajar', 'Explorar nuevos lugares y culturas amplía horizontes y crea recuerdos inolvidables.');
INSERT INTO aficiones (ID_aficion, Nombre_Aficion, Descripcion) VALUES ('00000008', 'Jardinería', 'Cuidar plantas y jardines es una actividad terapéutica que conecta con la naturaleza.');
INSERT INTO aficiones (ID_aficion, Nombre_Aficion, Descripcion) VALUES ('00000009', 'Fotografía', 'Capturar momentos con fotografías es una forma de preservar recuerdos y expresar creatividad.');
INSERT INTO aficiones (ID_aficion, Nombre_Aficion, Descripcion) VALUES ('00000010', 'Senderismo', 'Explorar la naturaleza a pie es una actividad que combina ejercicio y contemplación.');
INSERT INTO aficiones (ID_aficion, Nombre_Aficion, Descripcion) VALUES ('00000011', 'Bailar', 'El baile es una forma de expresión artística que fomenta la coordinación y el ritmo.');
INSERT INTO aficiones (ID_aficion, Nombre_Aficion, Descripcion) VALUES ('00000012', 'Juegos de mesa', 'Los juegos de mesa son una forma divertida de socializar y ejercitar la mente.');
INSERT INTO aficiones (ID_aficion, Nombre_Aficion, Descripcion) VALUES ('00000013', 'Yoga', 'Practicar yoga ayuda a mejorar la flexibilidad, el equilibrio y la relajación.');
INSERT INTO aficiones (ID_aficion, Nombre_Aficion, Descripcion) VALUES ('00000014', 'Programación', 'La programación es una habilidad técnica que permite crear software y resolver problemas de manera lógica.');
INSERT INTO aficiones (ID_aficion, Nombre_Aficion, Descripcion) VALUES ('00000015', 'Manualidades', 'Realizar manualidades es una forma de expresar creatividad y producir objetos únicos.');
INSERT INTO aficiones (ID_aficion, Nombre_Aficion, Descripcion) VALUES ('00000016', 'Videojuegos', 'Los videojuegos son el pasatiempo más popular de la actualidad, donde el juego entretiene a gran escala.');
INSERT INTO aficiones (ID_aficion, Nombre_Aficion, Descripcion) VALUES ('00000017', 'Astronomía', 'La astronomía es la ciencia que estudia los cuerpos celestes y los fenómenos que ocurren en el universo.');
INSERT INTO aficiones (ID_aficion, Nombre_Aficion, Descripcion) VALUES ('00000018', 'Jinete', 'Montar a caballo es una afición que otorga un ejercicio de coordinación y salida al aire libre.');
INSERT INTO aficiones (ID_aficion, Nombre_Aficion, Descripcion) VALUES ('00000019', 'Cosplayer', 'Representar a tu personaje favorito de series, videojuegos y peliculas.');
INSERT INTO aficiones (ID_aficion, Nombre_Aficion, Descripcion) VALUES ('00000020', 'Anime', 'La cultura anime es muy popular en la actualidad y muy disfrutada por la gente.');
INSERT INTO aficiones (ID_aficion, Nombre_Aficion, Descripcion) VALUES ('00000021', 'Filosofía', 'La ciencia sobre el razonamiento y el pensamiento humano.');
INSERT INTO aficiones (ID_aficion, Nombre_Aficion, Descripcion) VALUES ('00000022', 'Ciencias', 'Sección que combina la física y la qúimica.');
INSERT INTO aficiones (ID_aficion, Nombre_Aficion, Descripcion) VALUES ('00000023', 'Aprender idiomas', 'La afición de aprender idiomas muestra bastante interés para muchas personas.');
INSERT INTO aficiones (ID_aficion, Nombre_Aficion, Descripcion) VALUES ('00000024', 'Escribir', 'Escribir libros, novelas, poesía, entre otros, es un pasatiempo favorito para varias personas.');
INSERT INTO aficiones (ID_aficion, Nombre_Aficion, Descripcion) VALUES ('00000025', 'Dibujar', 'El fútbol es uno de los deportes más populares del mundo, jugado tanto a nivel profesional como recreativo.');

-- Insertar relaciones entre usuarios y aficiones de forma distribuida

-- Usuarios con ID del 1 al 10, asumiendo que tienes 10 usuarios en total
-- Aficiones con ID del 1 al 25, asumiendo que tienes 25 aficiones en total

-- Asignación manual de aficiones a cada usuario

-- Ana García: Lectura, Cine, Deportes, Música, Arte
INSERT INTO Usuario_Aficion (ID_usuario, ID_aficion) VALUES ('00000001', '00000001'); -- Lectura
INSERT INTO Usuario_Aficion (ID_usuario, ID_aficion) VALUES ('00000001', '00000002'); -- Cine
INSERT INTO Usuario_Aficion (ID_usuario, ID_aficion) VALUES ('00000001', '00000003'); -- Deportes
INSERT INTO Usuario_Aficion (ID_usuario, ID_aficion) VALUES ('00000001', '00000004'); -- Música
INSERT INTO Usuario_Aficion (ID_usuario, ID_aficion) VALUES ('00000001', '00000005'); -- Arte

-- Carlos Sánchez: Arte, Cocina, Viajar, Jardinería, Fotografía
INSERT INTO Usuario_Aficion (ID_usuario, ID_aficion) VALUES ('00000002', '00000005'); -- Arte
INSERT INTO Usuario_Aficion (ID_usuario, ID_aficion) VALUES ('00000002', '00000006'); -- Cocina
INSERT INTO Usuario_Aficion (ID_usuario, ID_aficion) VALUES ('00000002', '00000007'); -- Viajar
INSERT INTO Usuario_Aficion (ID_usuario, ID_aficion) VALUES ('00000002', '00000008'); -- Jardinería
INSERT INTO Usuario_Aficion (ID_usuario, ID_aficion) VALUES ('00000002', '00000009'); -- Fotografía

-- María López: Fotografía, Senderismo, Bailar, Juegos de mesa, Yoga
INSERT INTO Usuario_Aficion (ID_usuario, ID_aficion) VALUES ('00000003', '00000009'); -- Fotografía
INSERT INTO Usuario_Aficion (ID_usuario, ID_aficion) VALUES ('00000003', '00000010'); -- Senderismo
INSERT INTO Usuario_Aficion (ID_usuario, ID_aficion) VALUES ('00000003', '00000011'); -- Bailar
INSERT INTO Usuario_Aficion (ID_usuario, ID_aficion) VALUES ('00000003', '00000012'); -- Juegos de mesa
INSERT INTO Usuario_Aficion (ID_usuario, ID_aficion) VALUES ('00000003', '00000013'); -- Yoga

-- Pedro Gómez: Manualidades, Videojuegos, Astronomía, Jinete, Cosplayer
INSERT INTO Usuario_Aficion (ID_usuario, ID_aficion) VALUES ('00000004', '00000015'); -- Manualidades
INSERT INTO Usuario_Aficion (ID_usuario, ID_aficion) VALUES ('00000004', '00000016'); -- Videojuegos
INSERT INTO Usuario_Aficion (ID_usuario, ID_aficion) VALUES ('00000004', '00000017'); -- Astronomía
INSERT INTO Usuario_Aficion (ID_usuario, ID_aficion) VALUES ('00000004', '00000018'); -- Jinete
INSERT INTO Usuario_Aficion (ID_usuario, ID_aficion) VALUES ('00000004', '00000019'); -- Cosplayer

-- Continuar asignando las aficiones a los usuarios restantes según sea necesario
-- Insertar relaciones entre usuarios y aficiones para los usuarios restantes

-- Sofía Martínez: Anime, Filosofía, Ciencias, Aprender idiomas, Escribir
INSERT INTO Usuario_Aficion (ID_usuario, ID_aficion) VALUES ('00000005', '00000020'); -- Anime
INSERT INTO Usuario_Aficion (ID_usuario, ID_aficion) VALUES ('00000005', '00000021'); -- Filosofía
INSERT INTO Usuario_Aficion (ID_usuario, ID_aficion) VALUES ('00000005', '00000022'); -- Ciencias
INSERT INTO Usuario_Aficion (ID_usuario, ID_aficion) VALUES ('00000005', '00000023'); -- Aprender idiomas
INSERT INTO Usuario_Aficion (ID_usuario, ID_aficion) VALUES ('00000005', '00000024'); -- Escribir

-- Javier Rodríguez: Dibujar, Lectura, Cine, Deportes, Música
INSERT INTO Usuario_Aficion (ID_usuario, ID_aficion) VALUES ('00000006', '00000025'); -- Dibujar
INSERT INTO Usuario_Aficion (ID_usuario, ID_aficion) VALUES ('00000006', '00000001'); -- Lectura
INSERT INTO Usuario_Aficion (ID_usuario, ID_aficion) VALUES ('00000006', '00000002'); -- Cine
INSERT INTO Usuario_Aficion (ID_usuario, ID_aficion) VALUES ('00000006', '00000003'); -- Deportes
INSERT INTO Usuario_Aficion (ID_usuario, ID_aficion) VALUES ('00000006', '00000004'); -- Música

-- Lucía Fernández: Arte, Cocina, Viajar, Jardinería, Fotografía
INSERT INTO Usuario_Aficion (ID_usuario, ID_aficion) VALUES ('00000007', '00000005'); -- Arte
INSERT INTO Usuario_Aficion (ID_usuario, ID_aficion) VALUES ('00000007', '00000006'); -- Cocina
INSERT INTO Usuario_Aficion (ID_usuario, ID_aficion) VALUES ('00000007', '00000007'); -- Viajar
INSERT INTO Usuario_Aficion (ID_usuario, ID_aficion) VALUES ('00000007', '00000008'); -- Jardinería
INSERT INTO Usuario_Aficion (ID_usuario, ID_aficion) VALUES ('00000007', '00000009'); -- Fotografía

-- Miguel Torres: Manualidades, Videojuegos, Astronomía, Jinete, Cosplayer
INSERT INTO Usuario_Aficion (ID_usuario, ID_aficion) VALUES ('00000008', '00000015'); -- Manualidades
INSERT INTO Usuario_Aficion (ID_usuario, ID_aficion) VALUES ('00000008', '00000016'); -- Videojuegos
INSERT INTO Usuario_Aficion (ID_usuario, ID_aficion) VALUES ('00000008', '00000017'); -- Astronomía
INSERT INTO Usuario_Aficion (ID_usuario, ID_aficion) VALUES ('00000008', '00000018'); -- Jinete
INSERT INTO Usuario_Aficion (ID_usuario, ID_aficion) VALUES ('00000008', '00000019'); -- Cosplayer

-- Isabel Pérez: Astronomía, Jinete, Cosplayer, Anime, Filosofía
INSERT INTO Usuario_Aficion (ID_usuario, ID_aficion) VALUES ('00000009', '00000017'); -- Astronomía
INSERT INTO Usuario_Aficion (ID_usuario, ID_aficion) VALUES ('00000009', '00000018'); -- Jinete
INSERT INTO Usuario_Aficion (ID_usuario, ID_aficion) VALUES ('00000009', '00000019'); -- Cosplayer
INSERT INTO Usuario_Aficion (ID_usuario, ID_aficion) VALUES ('00000009', '00000020'); -- Anime
INSERT INTO Usuario_Aficion (ID_usuario, ID_aficion) VALUES ('00000009', '00000021'); -- Filosofía

-- Álvaro Moreno: Ciencias, Aprender idiomas, Escribir, Dibujar, Lectura
INSERT INTO Usuario_Aficion (ID_usuario, ID_aficion) VALUES ('00000010', '00000022'); -- Ciencias
INSERT INTO Usuario_Aficion (ID_usuario, ID_aficion) VALUES ('00000010', '00000023'); -- Aprender idiomas
INSERT INTO Usuario_Aficion (ID_usuario, ID_aficion) VALUES ('00000010', '00000024'); -- Escribir
INSERT INTO Usuario_Aficion (ID_usuario, ID_aficion) VALUES ('00000010', '00000025'); -- Dibujar
INSERT INTO Usuario_Aficion (ID_usuario, ID_aficion) VALUES ('00000010', '00000001'); -- Lectura

-- Alejandro Ruiz: Viajar, Jardinería, Fotografía, Senderismo, Bailar
INSERT INTO Usuario_Aficion (ID_usuario, ID_aficion) VALUES 
('00000011', '00000007'), 
('00000011', '00000008'), 
('00000011', '00000009'), 
('00000011', '00000010'), 
('00000011', '00000011');

-- Patricia Herrera: Juegos de mesa, Yoga, Programación, Manualidades, Videojuegos
INSERT INTO Usuario_Aficion (ID_usuario, ID_aficion) VALUES 
('00000012', '00000012'), 
('00000012', '00000013'), 
('00000012', '00000014'), 
('00000012', '00000015'), 
('00000012', '00000016');

-- Fernando Ortega: Astronomía, Jinete, Cosplayer, Anime, Filosofía
INSERT INTO Usuario_Aficion (ID_usuario, ID_aficion) VALUES 
('00000013', '00000017'), 
('00000013', '00000018'), 
('00000013', '00000019'), 
('00000013', '00000020'), 
('00000013', '00000021');

-- Laura Blanco: Ciencias, Aprender idiomas, Escribir, Dibujar, Lectura
INSERT INTO Usuario_Aficion (ID_usuario, ID_aficion) VALUES 
('00000014', '00000022'), 
('00000014', '00000023'), 
('00000014', '00000024'), 
('00000014', '00000025'), 
('00000014', '00000001');

-- David Gil: Cine, Deportes, Música, Arte, Cocina
INSERT INTO Usuario_Aficion (ID_usuario, ID_aficion) VALUES 
('00000015', '00000002'), 
('00000015', '00000003'), 
('00000015', '00000004'), 
('00000015', '00000005'), 
('00000015', '00000006');

-- Marta Torres: Viajar, Jardinería, Fotografía, Senderismo, Bailar
INSERT INTO Usuario_Aficion (ID_usuario, ID_aficion) VALUES 
('00000016', '00000007'), 
('00000016', '00000008'), 
('00000016', '00000009'), 
('00000016', '00000010'), 
('00000016', '00000011');

-- Sergio Romero: Juegos de mesa, Yoga, Programación, Manualidades, Videojuegos
INSERT INTO Usuario_Aficion (ID_usuario, ID_aficion) VALUES 
('00000017', '00000012'), 
('00000017', '00000013'), 
('00000017', '00000014'), 
('00000017', '00000015'), 
('00000017', '00000016');

-- Elena Morales: Astronomía, Jinete, Cosplayer, Anime, Filosofía
INSERT INTO Usuario_Aficion (ID_usuario, ID_aficion) VALUES 
('00000018', '00000017'), 
('00000018', '00000018'), 
('00000018', '00000019'), 
('00000018', '00000020'), 
('00000018', '00000021');

-- Roberto Díaz: Ciencias, Aprender idiomas, Escribir, Dibujar, Lectura
INSERT INTO Usuario_Aficion (ID_usuario, ID_aficion) VALUES 
('00000019', '00000022'), 
('00000019', '00000023'), 
('00000019', '00000024'), 
('00000019', '00000025'), 
('00000019', '00000001');

-- Clara Navarro: Cine, Deportes, Música, Arte, Cocina
INSERT INTO Usuario_Aficion (ID_usuario, ID_aficion) VALUES 
('00000020', '00000002'), 
('00000020', '00000003'), 
('00000020', '00000004'), 
('00000020', '00000005'), 
('00000020', '00000006');

-- Adrián Ramírez: Videojuegos, Manualidades, Fotografía
INSERT INTO Usuario_Aficion (ID_usuario, ID_aficion) VALUES 
('00000021', '00000016'), 
('00000021', '00000015'), 
('00000021', '00000009');

-- Berta Sánchez: Arte, Viajar, Escritura
INSERT INTO Usuario_Aficion (ID_usuario, ID_aficion) VALUES 
('00000022', '00000005'), 
('00000022', '00000007'), 
('00000022', '00000024');

-- Carlos Gómez: Deportes, Música, Cocina
INSERT INTO Usuario_Aficion (ID_usuario, ID_aficion) VALUES 
('00000023', '00000003'), 
('00000023', '00000004'), 
('00000023', '00000006');

-- Diana Martínez: Lectura, Cine, Bailar
INSERT INTO Usuario_Aficion (ID_usuario, ID_aficion) VALUES 
('00000024', '00000001'), 
('00000024', '00000002'), 
('00000024', '00000011');

-- Eduardo Pérez: Astronomía, Senderismo, Anime
INSERT INTO Usuario_Aficion (ID_usuario, ID_aficion) VALUES 
('00000025', '00000017'), 
('00000025', '00000010'), 
('00000025', '00000020');

-- Fátima López: Filosofía, Jardinería, Yoga
INSERT INTO Usuario_Aficion (ID_usuario, ID_aficion) VALUES 
('00000026', '00000021'), 
('00000026', '00000008'), 
('00000026', '00000013');

-- Gabriel Rodríguez: Cocina, Arte, Viajar, Fotografía
INSERT INTO Usuario_Aficion (ID_usuario, ID_aficion) VALUES 
('00000027', '00000006'), 
('00000027', '00000005'), 
('00000027', '00000007'), 
('00000027', '00000009');

-- Héctor Martín: Videojuegos, Manualidades, Deportes
INSERT INTO Usuario_Aficion (ID_usuario, ID_aficion) VALUES 
('00000028', '00000016'), 
('00000028', '00000015'), 
('00000028', '00000003');

-- Inés García: Cine, Fotografía, Senderismo
INSERT INTO Usuario_Aficion (ID_usuario, ID_aficion) VALUES 
('00000029', '00000002'), 
('00000029', '00000009'), 
('00000029', '00000010');

-- Javier Díaz: Música, Arte, Cocina
INSERT INTO Usuario_Aficion (ID_usuario, ID_aficion) VALUES 
('00000030', '00000004'), 
('00000030', '00000005'), 
('00000030', '00000006');

INSERT INTO Usuario_Aficion (ID_usuario, ID_aficion) VALUES 
('00000031', '00000009'), 
('00000031', '00000004'), 
('00000031', '00000006');

-- Marina Torres: Arte, Viajar, Deportes
INSERT INTO Usuario_Aficion (ID_usuario, ID_aficion) VALUES 
('00000032', '00000005'), 
('00000032', '00000007'), 
('00000032', '00000003');

-- Nicolás Sánchez: Cine, Astronomía, Bailar
INSERT INTO Usuario_Aficion (ID_usuario, ID_aficion) VALUES 
('00000033', '00000002'), 
('00000033', '00000017'), 
('00000033', '00000011');

-- Olivia López: Lectura, Arte, Cocina
INSERT INTO Usuario_Aficion (ID_usuario, ID_aficion) VALUES 
('00000034', '00000001'), 
('00000034', '00000005'), 
('00000034', '00000006');

-- Pablo Martínez: Videojuegos, Senderismo, Música
INSERT INTO Usuario_Aficion (ID_usuario, ID_aficion) VALUES 
('00000035', '00000016'), 
('00000035', '00000010'), 
('00000035', '00000004');

-- Queralt Pérez: Jardinería, Yoga, Manualidades
INSERT INTO Usuario_Aficion (ID_usuario, ID_aficion) VALUES 
('00000036', '00000008'), 
('00000036', '00000013'), 
('00000036', '00000015');

-- Rocío Gómez: Escritura, Fotografía, Deportes
INSERT INTO Usuario_Aficion (ID_usuario, ID_aficion) VALUES 
('00000037', '00000024'), 
('00000037', '00000009'), 
('00000037', '00000003');

-- Santiago Rodríguez: Viajar, Videojuegos, Cine
INSERT INTO Usuario_Aficion (ID_usuario, ID_aficion) VALUES 
('00000038', '00000007'), 
('00000038', '00000016'), 
('00000038', '00000002');

-- Teresa García: Astronomía, Cocina, Arte
INSERT INTO Usuario_Aficion (ID_usuario, ID_aficion) VALUES 
('00000039', '00000017'), 
('00000039', '00000006'), 
('00000039', '00000005');

-- Ulises Díaz: Bailar, Deportes, Música
INSERT INTO Usuario_Aficion (ID_usuario, ID_aficion) VALUES 
('00000040', '00000011'), 
('00000040', '00000003'), 
('00000040', '00000004');

-- Valeria Serrano: Arte, Yoga, Videojuegos
INSERT INTO Usuario_Aficion (ID_usuario, ID_aficion) VALUES 
('00000041', '00000005'), 
('00000041', '00000013'), 
('00000041', '00000016');

-- Walter Martín: Astronomía, Cocina, Viajar, Juegos de mesa
INSERT INTO Usuario_Aficion (ID_usuario, ID_aficion) VALUES 
('00000042', '00000017'), 
('00000042', '00000006'), 
('00000042', '00000007'),
('00000042', '00000012');

-- Ximena Gutiérrez: Manualidades, Deportes, Fotografía, Bailar
INSERT INTO Usuario_Aficion (ID_usuario, ID_aficion) VALUES 
('00000043', '00000015'), 
('00000043', '00000003'), 
('00000043', '00000009'),
('00000043', '00000011');

-- Yago Hernández: Programación, Escritura, Música, Senderismo
INSERT INTO Usuario_Aficion (ID_usuario, ID_aficion) VALUES 
('00000044', '00000014'), 
('00000044', '00000024'), 
('00000044', '00000004'),
('00000044', '00000010');

-- Zoe Álvarez: Arte, Cocina, Bailar
INSERT INTO Usuario_Aficion (ID_usuario, ID_aficion) VALUES 
('00000045', '00000005'), 
('00000045', '00000006'), 
('00000045', '00000011');

-- Abril Torres: Astronomía, Deportes, Escritura, Viajar
INSERT INTO Usuario_Aficion (ID_usuario, ID_aficion) VALUES 
('00000046', '00000017'), 
('00000046', '00000003'), 
('00000046', '00000024'),
('00000046', '00000007');

-- Braulio Gómez: Arte, Fotografía, Cine
INSERT INTO Usuario_Aficion (ID_usuario, ID_aficion) VALUES 
('00000047', '00000005'), 
('00000047', '00000009'), 
('00000047', '00000002');

-- Camila Rodríguez: Manualidades, Yoga, Viajar
INSERT INTO Usuario_Aficion (ID_usuario, ID_aficion) VALUES 
('00000048', '00000015'), 
('00000048', '00000013'), 
('00000048', '00000007');

-- Damián García: Deportes, Lectura, Viajar, Astronomía
INSERT INTO Usuario_Aficion (ID_usuario, ID_aficion) VALUES 
('00000049', '00000003'), 
('00000049', '00000001'), 
('00000049', '00000007'),
('00000049', '00000017');

-- Elsa Díaz: Cocina, Bailar, Escritura
INSERT INTO Usuario_Aficion (ID_usuario, ID_aficion) VALUES 
('00000050', '00000006'), 
('00000050', '00000011'), 
('00000050', '00000024');

-- Lucas Herrera: Senderismo, Yoga, Arte
INSERT INTO Usuario_Aficion (ID_usuario, ID_aficion) VALUES 
('00000051', '00000010'), 
('00000051', '00000013'), 
('00000051', '00000005');

-- Marina Castro: Deportes, Cine, Música, Fotografía
INSERT INTO Usuario_Aficion (ID_usuario, ID_aficion) VALUES 
('00000052', '00000003'), 
('00000052', '00000002'), 
('00000052', '00000004'),
('00000052', '00000009');

-- Nicolás Navarro: Viajar, Astronomía, Cocina
INSERT INTO Usuario_Aficion (ID_usuario, ID_aficion) VALUES 
('00000053', '00000007'), 
('00000053', '00000017'), 
('00000053', '00000006');

-- Olivia Ruiz: Bailar, Juegos de mesa, Arte, Deportes
INSERT INTO Usuario_Aficion (ID_usuario, ID_aficion) VALUES 
('00000054', '00000011'), 
('00000054', '00000012'), 
('00000054', '00000005'),
('00000054', '00000003');

-- Pablo Díaz: Videojuegos, Programación, Arte
INSERT INTO Usuario_Aficion (ID_usuario, ID_aficion) VALUES 
('00000055', '00000016'), 
('00000055', '00000014'), 
('00000055', '00000005');

-- Queralt Martínez: Fotografía, Viajar, Cocina, Lectura
INSERT INTO Usuario_Aficion (ID_usuario, ID_aficion) VALUES 
('00000056', '00000009'), 
('00000056', '00000007'), 
('00000056', '00000006'),
('00000056', '00000001');

-- Rafaela Gómez: Manualidades, Música, Deportes
INSERT INTO Usuario_Aficion (ID_usuario, ID_aficion) VALUES 
('00000057', '00000015'), 
('00000057', '00000004'), 
('00000057', '00000003');

-- Santiago Pérez: Senderismo, Yoga, Fotografía
INSERT INTO Usuario_Aficion (ID_usuario, ID_aficion) VALUES 
('00000058', '00000010'), 
('00000058', '00000013'), 
('00000058', '00000009');

-- Tamara Sánchez: Cine, Arte, Fotografía, Viajar
INSERT INTO Usuario_Aficion (ID_usuario, ID_aficion) VALUES 
('00000059', '00000002'), 
('00000059', '00000005'), 
('00000059', '00000009'),
('00000059', '00000007');

-- Uriel González: Música, Bailar, Cocina, Deportes
INSERT INTO Usuario_Aficion (ID_usuario, ID_aficion) VALUES 
('00000060', '00000004'), 
('00000060', '00000011'), 
('00000060', '00000006'),
('00000060', '00000003');

-- Victoria Martínez: Arte, Cocina, Viajar, Cine
INSERT INTO Usuario_Aficion (ID_usuario, ID_aficion) VALUES 
('00000061', '00000005'), 
('00000061', '00000006'), 
('00000061', '00000007'),
('00000061', '00000002');

-- Xavier Rodríguez: Manualidades, Música, Fotografía
INSERT INTO Usuario_Aficion (ID_usuario, ID_aficion) VALUES 
('00000062', '00000015'), 
('00000062', '00000004'), 
('00000062', '00000009');

-- Yolanda Sánchez: Yoga, Senderismo, Lectura
INSERT INTO Usuario_Aficion (ID_usuario, ID_aficion) VALUES 
('00000063', '00000013'), 
('00000063', '00000010'), 
('00000063', '00000001');

-- Zoe López: Videojuegos, Bailar, Deportes, Fotografía
INSERT INTO Usuario_Aficion (ID_usuario, ID_aficion) VALUES 
('00000064', '00000016'), 
('00000064', '00000011'), 
('00000064', '00000003'),
('00000064', '00000009');

-- Alejandro Torres: Programación, Astronomía, Cine
INSERT INTO Usuario_Aficion (ID_usuario, ID_aficion) VALUES 
('00000065', '00000014'), 
('00000065', '00000017'), 
('00000065', '00000002');

-- Bárbara García: Arte, Cocina, Jardinería
INSERT INTO Usuario_Aficion (ID_usuario, ID_aficion) VALUES 
('00000066', '00000005'), 
('00000066', '00000006'), 
('00000066', '00000008');

-- César Ruiz: Fotografía, Viajar, Música, Arte
INSERT INTO Usuario_Aficion (ID_usuario, ID_aficion) VALUES 
('00000067', '00000009'), 
('00000067', '00000007'), 
('00000067', '00000004'),
('00000067', '00000005');

-- Diana Martínez: Deportes, Manualidades, Cocina
INSERT INTO Usuario_Aficion (ID_usuario, ID_aficion) VALUES 
('00000068', '00000003'), 
('00000068', '00000015'), 
('00000068', '00000006');

-- Eduardo Sánchez: Fotografía, Senderismo, Cine
INSERT INTO Usuario_Aficion (ID_usuario, ID_aficion) VALUES 
('00000069', '00000009'), 
('00000069', '00000010'), 
('00000069', '00000002');

-- Fátima Pérez: Arte, Lectura, Deportes
INSERT INTO Usuario_Aficion (ID_usuario, ID_aficion) VALUES 
('00000070', '00000005'), 
('00000070', '00000001'), 
('00000070', '00000003');

-- Andrés Moreno: Deportes, Cine, Música
INSERT INTO Usuario_Aficion (ID_usuario, ID_aficion) VALUES 
('00000071', '00000003'), 
('00000071', '00000002'), 
('00000071', '00000004');

-- Beatriz Sánchez: Cocina, Arte, Viajar
INSERT INTO Usuario_Aficion (ID_usuario, ID_aficion) VALUES 
('00000072', '00000006'), 
('00000072', '00000005'), 
('00000072', '00000007');

-- Carlos López: Fotografía, Astronomía, Programación, Cine
INSERT INTO Usuario_Aficion (ID_usuario, ID_aficion) VALUES 
('00000073', '00000009'), 
('00000073', '00000017'), 
('00000073', '00000014'), 
('00000073', '00000002');

-- Daniela González: Yoga, Jardinería, Juegos de mesa, Escribir
INSERT INTO Usuario_Aficion (ID_usuario, ID_aficion) VALUES 
('00000074', '00000013'), 
('00000074', '00000008'), 
('00000074', '00000012'), 
('00000074', '00000024');

-- Elena Martínez: Deportes, Fotografía, Senderismo
INSERT INTO Usuario_Aficion (ID_usuario, ID_aficion) VALUES 
('00000075', '00000003'), 
('00000075', '00000009'), 
('00000075', '00000010');

-- Fernando Pérez: Música, Cosplayer, Filosofía
INSERT INTO Usuario_Aficion (ID_usuario, ID_aficion) VALUES 
('00000076', '00000004'), 
('00000076', '00000019'), 
('00000076', '00000021');

-- Gabriela Fernández: Cocina, Cine, Manualidades
INSERT INTO Usuario_Aficion (ID_usuario, ID_aficion) VALUES 
('00000077', '00000006'), 
('00000077', '00000002'), 
('00000077', '00000015');

-- Hugo García: Videojuegos, Jardinería, Ciencias
INSERT INTO Usuario_Aficion (ID_usuario, ID_aficion) VALUES 
('00000078', '00000016'), 
('00000078', '00000008'), 
('00000078', '00000022');

-- Isabel Rodríguez: Cine, Jardinería, Ciencias
INSERT INTO Usuario_Aficion (ID_usuario, ID_aficion) VALUES 
('00000079', '00000002'), 
('00000079', '00000008'), 
('00000079', '00000022');

-- Javier Torres: Música, Videojuegos,, Cocina, Deportes
INSERT INTO Usuario_Aficion (ID_usuario, ID_aficion) VALUES 
('00000080', '00000004'), 
('00000080', '00000016'), 
('00000080', '00000006'),
('00000080', '00000003');

-- Natalia Martínez: Viajar, Manualidades, Videojuegos
INSERT INTO Usuario_Aficion (ID_usuario, ID_aficion) VALUES 
('00000081', '00000007'), 
('00000081', '00000015'), 
('00000081', '00000016');

-- Óscar Fernández: Deportes, Música, Senderismo
INSERT INTO Usuario_Aficion (ID_usuario, ID_aficion) VALUES 
('00000082', '00000003'), 
('00000082', '00000004'), 
('00000082', '00000010');

-- Paola Gómez: Arte, Cocina, Fotografía
INSERT INTO Usuario_Aficion (ID_usuario, ID_aficion) VALUES 
('00000083', '00000005'), 
('00000083', '00000006'), 
('00000083', '00000009');

-- Quimera Pérez: Astronomía, Yoga, Escribir
INSERT INTO Usuario_Aficion (ID_usuario, ID_aficion) VALUES 
('00000084', '00000017'), 
('00000084', '00000013'), 
('00000084', '00000024');

-- Ricardo Suárez: Bailar, Juegos de mesa, Astronomía, Cosplayer
INSERT INTO Usuario_Aficion (ID_usuario, ID_aficion) VALUES 
('00000085', '00000011'), 
('00000085', '00000012'), 
('00000085', '00000017'), 
('00000085', '00000019');

-- Sara López: Anime, Filosofía, Ciencias
INSERT INTO Usuario_Aficion (ID_usuario, ID_aficion) VALUES 
('00000086', '00000020'), 
('00000086', '00000021'), 
('00000086', '00000022');

-- Tomás Rodríguez: Aprender idiomas, Escritura, Senderismo
INSERT INTO Usuario_Aficion (ID_usuario, ID_aficion) VALUES 
('00000087', '00000023'), 
('00000087', '00000024'), 
('00000087', '00000010');

-- Úrsula Martín: Lectura, Cine, Manualidades, Yoga
INSERT INTO Usuario_Aficion (ID_usuario, ID_aficion) VALUES 
('00000088', '00000001'), 
('00000088', '00000002'), 
('00000088', '00000015'), 
('00000088', '00000013');

-- Víctor García: Deportes, Música, Arte
INSERT INTO Usuario_Aficion (ID_usuario, ID_aficion) VALUES 
('00000089', '00000003'), 
('00000089', '00000004'), 
('00000089', '00000005');

-- Wendy Díaz: Videojuegos, Senderismo, Cocina
INSERT INTO Usuario_Aficion (ID_usuario, ID_aficion) VALUES 
('00000090', '00000016'), 
('00000090', '00000010'), 
('00000090', '00000006');
-- Luisa Martínez: Deportes, Lectura, Música, Cine
INSERT INTO Usuario_Aficion (ID_usuario, ID_aficion) VALUES 
('00000091', '00000003'), 
('00000091', '00000001'), 
('00000091', '00000004'),
('00000091', '00000002');

-- Miguel Sánchez: Manualidades, Cocina, Viajar
INSERT INTO Usuario_Aficion (ID_usuario, ID_aficion) VALUES 
('00000092', '00000015'), 
('00000092', '00000006'), 
('00000092', '00000007');

-- Natalia López: Fotografía, Astronomía, Programación, Cine
INSERT INTO Usuario_Aficion (ID_usuario, ID_aficion) VALUES 
('00000093', '00000009'), 
('00000093', '00000017'), 
('00000093', '00000014'),
('00000093', '00000002');

-- Óscar González: Yoga, Bailar, Deportes, Fotografía
INSERT INTO Usuario_Aficion (ID_usuario, ID_aficion) VALUES 
('00000094', '00000013'), 
('00000094', '00000011'), 
('00000094', '00000003'),
('00000094', '00000009');

-- Paula Martínez: Programación, Astronomía, Senderismo
INSERT INTO Usuario_Aficion (ID_usuario, ID_aficion) VALUES 
('00000095', '00000014'), 
('00000095', '00000017'), 
('00000095', '00000010');

-- Queralt García: Arte, Cocina, Jardinería
INSERT INTO Usuario_Aficion (ID_usuario, ID_aficion) VALUES 
('00000096', '00000005'), 
('00000096', '00000006'), 
('00000096', '00000008');

-- Raúl Ruiz: Fotografía, Viajar, Música, Arte
INSERT INTO Usuario_Aficion (ID_usuario, ID_aficion) VALUES 
('00000097', '00000009'), 
('00000097', '00000007'), 
('00000097', '00000004'),
('00000097', '00000005');

-- Sara Martínez: Deportes, Manualidades, Cocina
INSERT INTO Usuario_Aficion (ID_usuario, ID_aficion) VALUES 
('00000098', '00000003'), 
('00000098', '00000015'), 
('00000098', '00000006');

-- Tomás Sánchez: Fotografía, Senderismo, Cine
INSERT INTO Usuario_Aficion (ID_usuario, ID_aficion) VALUES 
('00000099', '00000009'), 
('00000099', '00000010'), 
('00000099', '00000002');

-- Úrsula Rodríguez: Arte, Lectura, Deportes
INSERT INTO Usuario_Aficion (ID_usuario, ID_aficion) VALUES 
('00000100', '00000005'), 
('00000100', '00000001'), 
('00000100', '00000003');

--------------------------------------------------------
-- Quitar las restricciones de claves foráneas existentes
--------------------------------------------------------


-- -----------------------------------------------------
-- Table `Affinity`.`conversacion`
-- -----------------------------------------------------
CREATE TABLE IF NOT EXISTS `Affinity`.`conversacion` (
  `ID_conversacion` INT NOT NULL AUTO_INCREMENT,
  `Usuario1` INT NOT NULL,
  `Usuario2` INT NOT NULL,
  PRIMARY KEY (`ID_conversacion`),
  UNIQUE KEY `unique_conversation` (`Usuario1`, `Usuario2`),
  CONSTRAINT `Usuario1_fk`
    FOREIGN KEY (`Usuario1`)
    REFERENCES `Affinity`.`Usuarios` (`ID_usuario`)
    ON DELETE NO ACTION
    ON UPDATE NO ACTION,
  CONSTRAINT `Usuario2_fk`
    FOREIGN KEY (`Usuario2`)
    REFERENCES `Affinity`.`Usuarios` (`ID_usuario`)
    ON DELETE NO ACTION
    ON UPDATE NO ACTION
) ENGINE=InnoDB;

-- -----------------------------------------------------
-- Table `Affinity`.`mensaje`
-- -----------------------------------------------------

CREATE TABLE IF NOT EXISTS `Affinity`.`mensaje` (
  `ID_mensaje` INT NOT NULL AUTO_INCREMENT,
  `ID_conversacion` INT NOT NULL,
  `Emisor` INT NOT NULL,
  `Texto` VARCHAR(2000) NOT NULL,
  `Fecha` TIMESTAMP DEFAULT CURRENT_TIMESTAMP,
  PRIMARY KEY (`ID_mensaje`),
  CONSTRAINT `Conversacion_fk`
    FOREIGN KEY (`ID_conversacion`)
    REFERENCES `Affinity`.`conversacion` (`ID_conversacion`)
    ON DELETE NO ACTION
    ON UPDATE NO ACTION,
  CONSTRAINT `Emisor_fk`
    FOREIGN KEY (`Emisor`)
    REFERENCES `Affinity`.`Usuarios` (`ID_usuario`)
    ON DELETE NO ACTION
    ON UPDATE NO ACTION
) ENGINE=InnoDB;






-- Cambiar las restricciones de las claves foráneas con ON DELETE CASCADE
ALTER TABLE usuario_aficion DROP FOREIGN KEY ID_usuario;
ALTER TABLE usuario_aficion DROP FOREIGN KEY ID_aficion;

ALTER TABLE usuario_aficion
ADD CONSTRAINT ID_usuario
    FOREIGN KEY (ID_usuario)
    REFERENCES usuarios(ID_usuario)
    ON DELETE CASCADE,
ADD CONSTRAINT ID_aficion
    FOREIGN KEY (ID_aficion)
    REFERENCES aficiones(ID_aficion)
    ON DELETE CASCADE;



-- Crear una tabla auxiliar para llevar un registro de los usuarios seleccionados
CREATE TABLE IF NOT EXISTS usuarios_seleccionados (
    ID_usuario INT PRIMARY KEY
);

-- Seleccionar un usuario aleatorio que no haya sido seleccionado previamente
SELECT *
FROM usuarios
WHERE ID_usuario IN (
    SELECT ID_usuario 
    FROM usuario_aficion 
    WHERE ID_aficion IN (
        SELECT ID_aficion 
        FROM usuario_aficion 
        WHERE ID_usuario = ${userID}
    )
)
AND ID_usuario NOT IN (SELECT ID_usuario FROM usuarios_seleccionados)
ORDER BY RAND()
LIMIT 1;

-- Insertar el usuario seleccionado en la tabla auxiliar
INSERT INTO usuarios_seleccionados (ID_usuario) VALUES (ID_usuario);

ALTER TABLE conversacion DROP FOREIGN KEY Usuario1_fk;
ALTER TABLE conversacion DROP FOREIGN KEY Usuario2_fk;
ALTER TABLE mensaje DROP FOREIGN KEY Conversacion_fk;
ALTER TABLE mensaje DROP FOREIGN KEY Emisor_fk;

-- Agregar las restricciones de las claves foráneas con ON DELETE CASCADE
ALTER TABLE conversacion
ADD CONSTRAINT Usuario1_fk
    FOREIGN KEY (Usuario1)
    REFERENCES usuarios(ID_usuario)
    ON DELETE CASCADE,
ADD CONSTRAINT Usuario2_fk
    FOREIGN KEY (Usuario2)
    REFERENCES usuarios(ID_usuario)
    ON DELETE CASCADE;

ALTER TABLE mensaje
ADD CONSTRAINT Conversacion_fk
    FOREIGN KEY (ID_conversacion)
    REFERENCES conversacion(ID_conversacion)
    ON DELETE CASCADE,
ADD CONSTRAINT Emisor_fk
    FOREIGN KEY (Emisor)
    REFERENCES usuarios(ID_usuario)
    ON DELETE CASCADE;
